<?xml version="1.0" encoding="UTF-8"?>
<!DOCTYPE mapper PUBLIC "-//mybatis.org//DTD Mapper 3.0//EN" "http://mybatis.org/dtd/mybatis-3-mapper.dtd">
<mapper namespace="org.example.mapper.MemberMapper">
  <resultMap id="BaseResultMap" type="org.example.model.Member">
    <id column="id" jdbcType="INTEGER" property="id" />
    <result column="name" jdbcType="VARCHAR" property="name" />
    <result column="no" jdbcType="VARCHAR" property="no" />
    <result column="setting_id" jdbcType="INTEGER" property="settingId" />
    <result column="create_time" jdbcType="TIMESTAMP" property="createTime" />
  </resultMap>
  <sql id="Base_Column_List">
    id, name, no, setting_id, create_time
  </sql>
  <select id="selectByPrimaryKey" parameterType="java.lang.Integer" resultMap="BaseResultMap">
    select 
    <include refid="Base_Column_List" />
    from member
    where id = #{id,jdbcType=INTEGER}
  </select>
  <delete id="deleteByPrimaryKey" parameterType="java.lang.Integer">
    delete from member
    where id = #{id,jdbcType=INTEGER}
  </delete>
  <insert id="insert" keyColumn="id" keyProperty="id" parameterType="org.example.model.Member" useGeneratedKeys="true">
    insert into member (name, no, setting_id, 
      create_time)
    values (#{name,jdbcType=VARCHAR}, #{no,jdbcType=VARCHAR}, #{settingId,jdbcType=INTEGER}, 
      #{createTime,jdbcType=TIMESTAMP})
  </insert>
  <insert id="insertSelective" keyColumn="id" keyProperty="id" parameterType="org.example.model.Member" useGeneratedKeys="true">
    insert into member
    <trim prefix="(" suffix=")" suffixOverrides=",">
      <if test="name != null">
        name,
      </if>
      <if test="no != null">
        no,
      </if>
      <if test="settingId != null">
        setting_id,
      </if>
      <if test="createTime != null">
        create_time,
      </if>
    </trim>
    <trim prefix="values (" suffix=")" suffixOverrides=",">
      <if test="name != null">
        #{name,jdbcType=VARCHAR},
      </if>
      <if test="no != null">
        #{no,jdbcType=VARCHAR},
      </if>
      <if test="settingId != null">
        #{settingId,jdbcType=INTEGER},
      </if>
      <if test="createTime != null">
        #{createTime,jdbcType=TIMESTAMP},
      </if>
    </trim>
  </insert>
  <update id="updateByPrimaryKeySelective" parameterType="org.example.model.Member">
    update member
    <set>
      <if test="name != null">
        name = #{name,jdbcType=VARCHAR},
      </if>
      <if test="no != null">
        no = #{no,jdbcType=VARCHAR},
      </if>
      <if test="settingId != null">
        setting_id = #{settingId,jdbcType=INTEGER},
      </if>
      <if test="createTime != null">
        create_time = #{createTime,jdbcType=TIMESTAMP},
      </if>
    </set>
    where id = #{id,jdbcType=INTEGER}
  </update>
  <update id="updateByPrimaryKey" parameterType="org.example.model.Member">
    update member
    set name = #{name,jdbcType=VARCHAR},
      no = #{no,jdbcType=VARCHAR},
      setting_id = #{settingId,jdbcType=INTEGER},
      create_time = #{createTime,jdbcType=TIMESTAMP}
    where id = #{id,jdbcType=INTEGER}
  </update>

  <select id="selectBySettingId" resultMap="BaseResultMap">
    select
    <include refid="Base_Column_List" />
    from member
    where setting_id = #{id}
  </select>
</mapper>