<?xml version="1.0" encoding="UTF-8"?>
<!DOCTYPE mapper PUBLIC "-//mybatis.org//DTD Mapper 3.0//EN" "http://mybatis.org/dtd/mybatis-3-mapper.dtd">
<mapper namespace="org.example.mapper.SettingMapper">
  <resultMap id="BaseResultMap" type="org.example.model.Setting">
    <id column="id" jdbcType="INTEGER" property="id" />
    <result column="user_id" jdbcType="INTEGER" property="userId" />
    <result column="batch_number" jdbcType="INTEGER" property="batchNumber" />
    <result column="create_time" jdbcType="TIMESTAMP" property="createTime" />
  </resultMap>
  <sql id="Base_Column_List">
    id, user_id, batch_number, create_time
  </sql>
  <select id="selectByPrimaryKey" parameterType="java.lang.Integer" resultMap="BaseResultMap">
    select 
    <include refid="Base_Column_List" />
    from setting
    where id = #{id,jdbcType=INTEGER}
  </select>
  <delete id="deleteByPrimaryKey" parameterType="java.lang.Integer">
    delete from setting
    where id = #{id,jdbcType=INTEGER}
  </delete>
  <insert id="insert" keyColumn="id" keyProperty="id" parameterType="org.example.model.Setting" useGeneratedKeys="true">
    insert into setting (user_id, batch_number, create_time
      )
    values (#{userId,jdbcType=INTEGER}, #{batchNumber,jdbcType=INTEGER}, #{createTime,jdbcType=TIMESTAMP}
      )
  </insert>
  <insert id="insertSelective" keyColumn="id" keyProperty="id" parameterType="org.example.model.Setting" useGeneratedKeys="true">
    insert into setting
    <trim prefix="(" suffix=")" suffixOverrides=",">
      <if test="userId != null">
        user_id,
      </if>
      <if test="batchNumber != null">
        batch_number,
      </if>
      <if test="createTime != null">
        create_time,
      </if>
    </trim>
    <trim prefix="values (" suffix=")" suffixOverrides=",">
      <if test="userId != null">
        #{userId,jdbcType=INTEGER},
      </if>
      <if test="batchNumber != null">
        #{batchNumber,jdbcType=INTEGER},
      </if>
      <if test="createTime != null">
        #{createTime,jdbcType=TIMESTAMP},
      </if>
    </trim>
  </insert>
  <update id="updateByPrimaryKeySelective" parameterType="org.example.model.Setting">
    update setting
    <set>
      <if test="userId != null">
        user_id = #{userId,jdbcType=INTEGER},
      </if>
      <if test="batchNumber != null">
        batch_number = #{batchNumber,jdbcType=INTEGER},
      </if>
      <if test="createTime != null">
        create_time = #{createTime,jdbcType=TIMESTAMP},
      </if>
    </set>
    where id = #{id,jdbcType=INTEGER}
  </update>
  <update id="updateByPrimaryKey" parameterType="org.example.model.Setting">
    update setting
    set user_id = #{userId,jdbcType=INTEGER},
      batch_number = #{batchNumber,jdbcType=INTEGER},
      create_time = #{createTime,jdbcType=TIMESTAMP}
    where id = #{id,jdbcType=INTEGER}
  </update>

  <select id="selectByUserId" resultMap="BaseResultMap">
    select
    <include refid="Base_Column_List" />
    from setting
    where user_id = #{id}
  </select>

  <update id="update">
    update setting set batch_number=#{batchNumber}
        where user_id=#{userId}
  </update>

  <select id="queryIdByUserId" resultType="java.lang.Integer">
    select id from setting where user_id=#{userId}
  </select>
</mapper>